Capabilities,SubCapability,TEBStatus,NameofTools,Version,StandardsComments,EANotes,Manufacturer,StandardCategory,EAReferenceID,Description,MetaTags,MetaTagsDescription,CapabilityManager
Identity & Access Mgmt,Observability,TEB Approved,GitHub Actions,3.3.3,Deprecated for new deployments; maintain only.,Provisional until further risk assessment is complete.,NVIDIA,Provisional Standard,EA9600133,"GitHub Actions is used to deliver scalable, reliable capabilities for enterprise workloads. It integrates with identity, networking, and observability services for end‑to‑end governance. Standard deployment patterns include IaC templates, private networking, and workload identities. Security hardening follows CIS benchmarks and zero‑trust principles where applicable. Operational guidance includes backup, monitoring, alerting, and cost optimization practices.","Networking, Data Engineering, PII",Networking: scope or capability related to networking. Data Engineering: scope or capability related to data engineering. PII: scope or capability related to pii.,Avery Jackson
DevOps,Queueing,TEB Not Approved,Prometheus,3.0.2,Enable logging and tag resources for cost allocation.,Requires private endpoint and managed identity configuration.,Databricks,Product Standard,EA3511615,"Prometheus is used to deliver scalable, reliable capabilities for enterprise workloads. It integrates with identity, networking, and observability services for end‑to‑end governance. Standard deployment patterns include IaC templates, private networking, and workload identities. Security hardening follows CIS benchmarks and zero‑trust principles where applicable. Operational guidance includes backup, monitoring, alerting, and cost optimization practices.","Backup, Semantic Ranker, Microservices, Contact Center, Edge",Backup: scope or capability related to backup. Semantic Ranker: scope or capability related to semantic ranker. Microservices: scope or capability related to microservices. Contact Center: scope or capability related to contact center. Edge: scope or capability related to edge.,Morgan Martinez
Finance Tools,ETL/ELT,TEB Approved,Blob Storage,3.9.5,Document architecture in the catalog and link runbooks.,Meets security baselines and compliance requirements.,Google,Provisional Standard,EA3413164,"Blob Storage is used to deliver scalable, reliable capabilities for enterprise workloads. It integrates with identity, networking, and observability services for end‑to‑end governance. Standard deployment patterns include IaC templates, private networking, and workload identities. Security hardening follows CIS benchmarks and zero‑trust principles where applicable. Operational guidance includes backup, monitoring, alerting, and cost optimization practices.","Disaster Recovery, LLM Orchestration, Analytics, Microservices, Edge, Data Engineering",Disaster Recovery: scope or capability related to disaster recovery. LLM Orchestration: scope or capability related to llm orchestration. Analytics: scope or capability related to analytics. Microservices: scope or capability related to microservices. Edge: scope or capability related to edge. Data Engineering: scope or capability related to data engineering.,Avery Williams
AI/ML,Routing,Under Review,Dataflow,2.8.3,Deprecated for new deployments; maintain only.,Hybrid retrieval and strict filtering supported.,Redis Labs,Reference Standard,EA8350305,"Dataflow is used to deliver scalable, reliable capabilities for enterprise workloads. It integrates with identity, networking, and observability services for end‑to‑end governance. Standard deployment patterns include IaC templates, private networking, and workload identities. Security hardening follows CIS benchmarks and zero‑trust principles where applicable. Operational guidance includes backup, monitoring, alerting, and cost optimization practices.","Semantic Ranker, Customer Experience, Data Engineering, Cloud Communications, PII, RAG",Semantic Ranker: scope or capability related to semantic ranker. Customer Experience: scope or capability related to customer experience. Data Engineering: scope or capability related to data engineering. Cloud Communications: scope or capability related to cloud communications. PII: scope or capability related to pii. RAG: scope or capability related to rag.,Sam Thomas
Analytics,ETL/ELT,Deprecated,Kong Gateway,3.2.3,Vendor support SLA reviewed by procurement.,Vendor support SLA reviewed by procurement.,Databricks,Legacy,EA6965328,"Kong Gateway is used to deliver scalable, reliable capabilities for enterprise workloads. It integrates with identity, networking, and observability services for end‑to‑end governance. Standard deployment patterns include IaC templates, private networking, and workload identities. Security hardening follows CIS benchmarks and zero‑trust principles where applicable. Operational guidance includes backup, monitoring, alerting, and cost optimization practices.","Customer Experience, Cache, Contact Center, Agent Assist, UC Platform, Disaster Recovery",Customer Experience: scope or capability related to customer experience. Cache: scope or capability related to cache. Contact Center: scope or capability related to contact center. Agent Assist: scope or capability related to agent assist. UC Platform: scope or capability related to uc platform. Disaster Recovery: scope or capability related to disaster recovery.,Taylor White
Identity & Access Mgmt,Queueing,Under Review,Pub/Sub Lite,4.6.9,Hybrid retrieval and strict filtering supported.,Vendor support SLA reviewed by procurement.,Databricks,Legacy,EA0184514,"Pub/Sub Lite is used to deliver scalable, reliable capabilities for enterprise workloads. It integrates with identity, networking, and observability services for end‑to‑end governance. Standard deployment patterns include IaC templates, private networking, and workload identities. Security hardening follows CIS benchmarks and zero‑trust principles where applicable. Operational guidance includes backup, monitoring, alerting, and cost optimization practices.","Analytics, Automation, AI Experience Platform, Edge, Semantic Ranker, Serverless",Analytics: scope or capability related to analytics. Automation: scope or capability related to automation. AI Experience Platform: scope or capability related to ai experience platform. Edge: scope or capability related to edge. Semantic Ranker: scope or capability related to semantic ranker. Serverless: scope or capability related to serverless.,Kendall Kim
DevOps,Observability,Provisional Standard,LangChain Server,2.2.5,Deprecated for new deployments; maintain only.,Vendor support SLA reviewed by procurement.,MongoDB,Provisional Standard,EA9570154,"LangChain Server is used to deliver scalable, reliable capabilities for enterprise workloads. It integrates with identity, networking, and observability services for end‑to‑end governance. Standard deployment patterns include IaC templates, private networking, and workload identities. Security hardening follows CIS benchmarks and zero‑trust principles where applicable. Operational guidance includes backup, monitoring, alerting, and cost optimization practices.","Contact Center, Vector Search, Cloud Communications, Customer Experience",Contact Center: scope or capability related to contact center. Vector Search: scope or capability related to vector search. Cloud Communications: scope or capability related to cloud communications. Customer Experience: scope or capability related to customer experience.,Jordan Jackson
Analytics,Routing,Under Review,Jenkins,2.2.7,Vendor support SLA reviewed by procurement.,Deprecated for new deployments; maintain only.,Databricks,Legacy,EA9638346,"Jenkins is used to deliver scalable, reliable capabilities for enterprise workloads. It integrates with identity, networking, and observability services for end‑to‑end governance. Standard deployment patterns include IaC templates, private networking, and workload identities. Security hardening follows CIS benchmarks and zero‑trust principles where applicable. Operational guidance includes backup, monitoring, alerting, and cost optimization practices.","Automation, Serverless, Agent Assist, Vector Search, Customer Experience",Automation: scope or capability related to automation. Serverless: scope or capability related to serverless. Agent Assist: scope or capability related to agent assist. Vector Search: scope or capability related to vector search. Customer Experience: scope or capability related to customer experience.,Drew Nguyen
Monitoring,Backup & DR,TEB Not Approved,Synapse,2.0.1,Approved as a standard for enterprise use.,Meets security baselines and compliance requirements.,Google,Provisional Standard,EA5183473,"Synapse is used to deliver scalable, reliable capabilities for enterprise workloads. It integrates with identity, networking, and observability services for end‑to‑end governance. Standard deployment patterns include IaC templates, private networking, and workload identities. Security hardening follows CIS benchmarks and zero‑trust principles where applicable. Operational guidance includes backup, monitoring, alerting, and cost optimization practices.","Edge, Cloud Communications, DevOps, Vector Search",Edge: scope or capability related to edge. Cloud Communications: scope or capability related to cloud communications. DevOps: scope or capability related to devops. Vector Search: scope or capability related to vector search.,Kendall Wilson
Messaging,Queueing,TEB Not Approved,Event Hubs,1.6.5,Enable logging and tag resources for cost allocation.,Enable logging and tag resources for cost allocation.,VMware,Provisional Standard,EA1065133,"Event Hubs is used to deliver scalable, reliable capabilities for enterprise workloads. It integrates with identity, networking, and observability services for end‑to‑end governance. Standard deployment patterns include IaC templates, private networking, and workload identities. Security hardening follows CIS benchmarks and zero‑trust principles where applicable. Operational guidance includes backup, monitoring, alerting, and cost optimization practices.","Networking, Automation, UC Platform, Observability",Networking: scope or capability related to networking. Automation: scope or capability related to automation. UC Platform: scope or capability related to uc platform. Observability: scope or capability related to observability.,Taylor Williams
Analytics,Feature Store,TEB Approved,Prometheus,1.0.8,Approved as a standard for enterprise use.,Provisional until further risk assessment is complete.,Cisco,Product Standard,EA6773602,"Prometheus is used to deliver scalable, reliable capabilities for enterprise workloads. It integrates with identity, networking, and observability services for end‑to‑end governance. Standard deployment patterns include IaC templates, private networking, and workload identities. Security hardening follows CIS benchmarks and zero‑trust principles where applicable. Operational guidance includes backup, monitoring, alerting, and cost optimization practices.","AI Experience Platform, Cost Management, Semantic Ranker, Automation, BM25, Observability",AI Experience Platform: scope or capability related to ai experience platform. Cost Management: scope or capability related to cost management. Semantic Ranker: scope or capability related to semantic ranker. Automation: scope or capability related to automation. BM25: scope or capability related to bm25. Observability: scope or capability related to observability.,Shawn Jackson
Messaging,Backup & DR,Deprecated,Kong Gateway,2.4.3,Approved as a standard for enterprise use.,Document architecture in the catalog and link runbooks.,NVIDIA,Provisional Standard,EA5009788,"Kong Gateway is used to deliver scalable, reliable capabilities for enterprise workloads. It integrates with identity, networking, and observability services for end‑to‑end governance. Standard deployment patterns include IaC templates, private networking, and workload identities. Security hardening follows CIS benchmarks and zero‑trust principles where applicable. Operational guidance includes backup, monitoring, alerting, and cost optimization practices.","Contact Center, Serverless, Customer Experience, Analytics",Contact Center: scope or capability related to contact center. Serverless: scope or capability related to serverless. Customer Experience: scope or capability related to customer experience. Analytics: scope or capability related to analytics.,Jordan Anderson
Finance Tools,Feature Store,Deprecated,API Management,2.9.9,Approved as a standard for enterprise use.,Document architecture in the catalog and link runbooks.,Google,Internal Only,EA9985435,"API Management is used to deliver scalable, reliable capabilities for enterprise workloads. It integrates with identity, networking, and observability services for end‑to‑end governance. Standard deployment patterns include IaC templates, private networking, and workload identities. Security hardening follows CIS benchmarks and zero‑trust principles where applicable. Operational guidance includes backup, monitoring, alerting, and cost optimization practices.","Semantic Ranker, Cost Management, UC Platform, Compliance",Semantic Ranker: scope or capability related to semantic ranker. Cost Management: scope or capability related to cost management. UC Platform: scope or capability related to uc platform. Compliance: scope or capability related to compliance.,Avery Williams
Analytics,Data Warehouse,TEB Approved,Teams,4.9.9,Provisional until further risk assessment is complete.,Provisional until further risk assessment is complete.,NVIDIA,Product Standard,EA8425135,"Teams is used to deliver scalable, reliable capabilities for enterprise workloads. It integrates with identity, networking, and observability services for end‑to‑end governance. Standard deployment patterns include IaC templates, private networking, and workload identities. Security hardening follows CIS benchmarks and zero‑trust principles where applicable. Operational guidance includes backup, monitoring, alerting, and cost optimization practices.","Analytics, Automation, CI/CD, Networking, PII",Analytics: scope or capability related to analytics. Automation: scope or capability related to automation. CI/CD: scope or capability related to ci/cd. Networking: scope or capability related to networking. PII: scope or capability related to pii.,Casey Anderson
Messaging,Patch Mgmt,TEB Approved,AKS,3.1.2,Pilot completed with positive feedback from stakeholders.,Provisional until further risk assessment is complete.,Oracle,Legacy,EA2449353,"AKS is used to deliver scalable, reliable capabilities for enterprise workloads. It integrates with identity, networking, and observability services for end‑to‑end governance. Standard deployment patterns include IaC templates, private networking, and workload identities. Security hardening follows CIS benchmarks and zero‑trust principles where applicable. Operational guidance includes backup, monitoring, alerting, and cost optimization practices.","Serverless, DevOps, Semantic Ranker, Contact Center, Customer Experience",Serverless: scope or capability related to serverless. DevOps: scope or capability related to devops. Semantic Ranker: scope or capability related to semantic ranker. Contact Center: scope or capability related to contact center. Customer Experience: scope or capability related to customer experience.,Avery Davis
Content Services,MLOps,TEB Approved,Teams,3.2.4,Deprecated for new deployments; maintain only.,Hybrid retrieval and strict filtering supported.,NVIDIA,Internal Only,EA8011280,"Teams is used to deliver scalable, reliable capabilities for enterprise workloads. It integrates with identity, networking, and observability services for end‑to‑end governance. Standard deployment patterns include IaC templates, private networking, and workload identities. Security hardening follows CIS benchmarks and zero‑trust principles where applicable. Operational guidance includes backup, monitoring, alerting, and cost optimization practices.","Cloud Communications, Networking, UC Platform, Observability, Contact Center",Cloud Communications: scope or capability related to cloud communications. Networking: scope or capability related to networking. UC Platform: scope or capability related to uc platform. Observability: scope or capability related to observability. Contact Center: scope or capability related to contact center.,Casey Brown
Messaging,DNS and Addresses,Provisional Standard,Redshift,2.1.5,Vendor support SLA reviewed by procurement.,Enable logging and tag resources for cost allocation.,ServiceNow,Product Standard,EA3226025,"Redshift is used to deliver scalable, reliable capabilities for enterprise workloads. It integrates with identity, networking, and observability services for end‑to‑end governance. Standard deployment patterns include IaC templates, private networking, and workload identities. Security hardening follows CIS benchmarks and zero‑trust principles where applicable. Operational guidance includes backup, monitoring, alerting, and cost optimization practices.","Microservices, Compliance, Edge, Vector Search, Semantic Ranker, Analytics",Microservices: scope or capability related to microservices. Compliance: scope or capability related to compliance. Edge: scope or capability related to edge. Vector Search: scope or capability related to vector search. Semantic Ranker: scope or capability related to semantic ranker. Analytics: scope or capability related to analytics.,Kendall Jackson
Finance Tools,ETL/ELT,TEB Approved,Qdrant,4.3.3,Hybrid retrieval and strict filtering supported.,Requires private endpoint and managed identity configuration.,Snowflake,Product Standard,EA3036541,"Qdrant is used to deliver scalable, reliable capabilities for enterprise workloads. It integrates with identity, networking, and observability services for end‑to‑end governance. Standard deployment patterns include IaC templates, private networking, and workload identities. Security hardening follows CIS benchmarks and zero‑trust principles where applicable. Operational guidance includes backup, monitoring, alerting, and cost optimization practices.","LLM Orchestration, Disaster Recovery, Serverless, Cost Management, Compliance",LLM Orchestration: scope or capability related to llm orchestration. Disaster Recovery: scope or capability related to disaster recovery. Serverless: scope or capability related to serverless. Cost Management: scope or capability related to cost management. Compliance: scope or capability related to compliance.,Reese Martinez
Storage,Telephony,TEB Approved,Azure AI Search,3.2.9,Pilot completed with positive feedback from stakeholders.,Approved as a standard for enterprise use.,Oracle,Legacy,EA6556981,"Azure AI Search is used to deliver scalable, reliable capabilities for enterprise workloads. It integrates with identity, networking, and observability services for end‑to‑end governance. Standard deployment patterns include IaC templates, private networking, and workload identities. Security hardening follows CIS benchmarks and zero‑trust principles where applicable. Operational guidance includes backup, monitoring, alerting, and cost optimization practices.","Cloud Communications, Data Engineering, Semantic Ranker, Contact Center, PII, Observability",Cloud Communications: scope or capability related to cloud communications. Data Engineering: scope or capability related to data engineering. Semantic Ranker: scope or capability related to semantic ranker. Contact Center: scope or capability related to contact center. PII: scope or capability related to pii. Observability: scope or capability related to observability.,Alex Martinez
Messaging,Backup & DR,TEB Not Approved,Cloudflare,4.1.5,Document architecture in the catalog and link runbooks.,Requires private endpoint and managed identity configuration.,Oracle,Reference Standard,EA8465648,"Cloudflare is used to deliver scalable, reliable capabilities for enterprise workloads. It integrates with identity, networking, and observability services for end‑to‑end governance. Standard deployment patterns include IaC templates, private networking, and workload identities. Security hardening follows CIS benchmarks and zero‑trust principles where applicable. Operational guidance includes backup, monitoring, alerting, and cost optimization practices.","Data Engineering, Observability, Compliance, Cost Management",Data Engineering: scope or capability related to data engineering. Observability: scope or capability related to observability. Compliance: scope or capability related to compliance. Cost Management: scope or capability related to cost management.,Avery Jackson
Platforms,SaaS Integration,Under Review,Secrets Manager,4.8.0,Pilot completed with positive feedback from stakeholders.,Pilot completed with positive feedback from stakeholders.,Zoom,Internal Only,EA9957773,"Secrets Manager is used to deliver scalable, reliable capabilities for enterprise workloads. It integrates with identity, networking, and observability services for end‑to‑end governance. Standard deployment patterns include IaC templates, private networking, and workload identities. Security hardening follows CIS benchmarks and zero‑trust principles where applicable. Operational guidance includes backup, monitoring, alerting, and cost optimization practices.","Microservices, CI/CD, Edge, Analytics, Compliance, Customer Experience",Microservices: scope or capability related to microservices. CI/CD: scope or capability related to ci/cd. Edge: scope or capability related to edge. Analytics: scope or capability related to analytics. Compliance: scope or capability related to compliance. Customer Experience: scope or capability related to customer experience.,Casey Martinez
Identity & Access Mgmt,SaaS Integration,Provisional Standard,Kafka,2.4.3,Meets security baselines and compliance requirements.,Deprecated for new deployments; maintain only.,Microsoft,Provisional Standard,EA3791769,"Kafka is used to deliver scalable, reliable capabilities for enterprise workloads. It integrates with identity, networking, and observability services for end‑to‑end governance. Standard deployment patterns include IaC templates, private networking, and workload identities. Security hardening follows CIS benchmarks and zero‑trust principles where applicable. Operational guidance includes backup, monitoring, alerting, and cost optimization practices.","PII, Cost Management, DevOps, Vector Search",PII: scope or capability related to pii. Cost Management: scope or capability related to cost management. DevOps: scope or capability related to devops. Vector Search: scope or capability related to vector search.,Taylor Thomas
AI/ML,Telephony,TEB Approved,Jenkins,4.3.2,Vendor support SLA reviewed by procurement.,Hybrid retrieval and strict filtering supported.,Amazon,Legacy,EA3172788,"Jenkins is used to deliver scalable, reliable capabilities for enterprise workloads. It integrates with identity, networking, and observability services for end‑to‑end governance. Standard deployment patterns include IaC templates, private networking, and workload identities. Security hardening follows CIS benchmarks and zero‑trust principles where applicable. Operational guidance includes backup, monitoring, alerting, and cost optimization practices.","Cache, Automation, Backup, CI/CD, Edge",Cache: scope or capability related to cache. Automation: scope or capability related to automation. Backup: scope or capability related to backup. CI/CD: scope or capability related to ci/cd. Edge: scope or capability related to edge.,Robin Martinez
Databases,Backup & DR,Deprecated,Cohere Embed,2.7.7,Pilot completed with positive feedback from stakeholders.,Meets security baselines and compliance requirements.,Databricks,Legacy,EA7347143,"Cohere Embed is used to deliver scalable, reliable capabilities for enterprise workloads. It integrates with identity, networking, and observability services for end‑to‑end governance. Standard deployment patterns include IaC templates, private networking, and workload identities. Security hardening follows CIS benchmarks and zero‑trust principles where applicable. Operational guidance includes backup, monitoring, alerting, and cost optimization practices.","RAG, Networking, Customer Experience, UC Platform, Vector Search",RAG: scope or capability related to rag. Networking: scope or capability related to networking. Customer Experience: scope or capability related to customer experience. UC Platform: scope or capability related to uc platform. Vector Search: scope or capability related to vector search.,Riley Jackson
Platforms,API Gateway,TEB Approved,Security Command Center,4.5.8,Hybrid retrieval and strict filtering supported.,Enable logging and tag resources for cost allocation.,Amazon,Product Standard,EA6690967,"Security Command Center is used to deliver scalable, reliable capabilities for enterprise workloads. It integrates with identity, networking, and observability services for end‑to‑end governance. Standard deployment patterns include IaC templates, private networking, and workload identities. Security hardening follows CIS benchmarks and zero‑trust principles where applicable. Operational guidance includes backup, monitoring, alerting, and cost optimization practices.","LLM Orchestration, BM25, Cache",LLM Orchestration: scope or capability related to llm orchestration. BM25: scope or capability related to bm25. Cache: scope or capability related to cache.,Riley Harris
Content Services,Queueing,Under Review,GitHub Actions,2.7.3,Pilot completed with positive feedback from stakeholders.,Enable logging and tag resources for cost allocation.,OpenAI,Provisional Standard,EA6562729,"GitHub Actions is used to deliver scalable, reliable capabilities for enterprise workloads. It integrates with identity, networking, and observability services for end‑to‑end governance. Standard deployment patterns include IaC templates, private networking, and workload identities. Security hardening follows CIS benchmarks and zero‑trust principles where applicable. Operational guidance includes backup, monitoring, alerting, and cost optimization practices.","Cost Management, Cloud Communications, Compliance",Cost Management: scope or capability related to cost management. Cloud Communications: scope or capability related to cloud communications. Compliance: scope or capability related to compliance.,Alex Patel
Identity & Access Mgmt,Queueing,TEB Not Approved,Pinecone,4.2.0,Pilot completed with positive feedback from stakeholders.,Enable logging and tag resources for cost allocation.,HashiCorp,Product Standard,EA7556464,"Pinecone is used to deliver scalable, reliable capabilities for enterprise workloads. It integrates with identity, networking, and observability services for end‑to‑end governance. Standard deployment patterns include IaC templates, private networking, and workload identities. Security hardening follows CIS benchmarks and zero‑trust principles where applicable. Operational guidance includes backup, monitoring, alerting, and cost optimization practices.","DevOps, AI Experience Platform, Edge",DevOps: scope or capability related to devops. AI Experience Platform: scope or capability related to ai experience platform. Edge: scope or capability related to edge.,Jamie Nguyen
Storage,Feature Store,TEB Approved,Jenkins,1.0.3,Meets security baselines and compliance requirements.,Approved as a standard for enterprise use.,ServiceNow,Product Standard,EA3271937,"Jenkins is used to deliver scalable, reliable capabilities for enterprise workloads. It integrates with identity, networking, and observability services for end‑to‑end governance. Standard deployment patterns include IaC templates, private networking, and workload identities. Security hardening follows CIS benchmarks and zero‑trust principles where applicable. Operational guidance includes backup, monitoring, alerting, and cost optimization practices.","Cache, LLM Orchestration, Analytics, Backup, Edge",Cache: scope or capability related to cache. LLM Orchestration: scope or capability related to llm orchestration. Analytics: scope or capability related to analytics. Backup: scope or capability related to backup. Edge: scope or capability related to edge.,Shawn Patel
Messaging,Endpoint Security,Provisional Standard,Event Hubs,1.4.9,Enable logging and tag resources for cost allocation.,Enable logging and tag resources for cost allocation.,Zoom,Provisional Standard,EA9314919,"Event Hubs is used to deliver scalable, reliable capabilities for enterprise workloads. It integrates with identity, networking, and observability services for end‑to‑end governance. Standard deployment patterns include IaC templates, private networking, and workload identities. Security hardening follows CIS benchmarks and zero‑trust principles where applicable. Operational guidance includes backup, monitoring, alerting, and cost optimization practices.","LLM Orchestration, Networking, Observability",LLM Orchestration: scope or capability related to llm orchestration. Networking: scope or capability related to networking. Observability: scope or capability related to observability.,Avery Brown
Finance Tools,Patch Mgmt,Provisional Standard,Teams,4.7.1,Enable logging and tag resources for cost allocation.,Requires private endpoint and managed identity configuration.,VMware,Product Standard,EA6284987,"Teams is used to deliver scalable, reliable capabilities for enterprise workloads. It integrates with identity, networking, and observability services for end‑to‑end governance. Standard deployment patterns include IaC templates, private networking, and workload identities. Security hardening follows CIS benchmarks and zero‑trust principles where applicable. Operational guidance includes backup, monitoring, alerting, and cost optimization practices.","Observability, Edge, Cloud Communications, Semantic Ranker, RAG, Vector Search",Observability: scope or capability related to observability. Edge: scope or capability related to edge. Cloud Communications: scope or capability related to cloud communications. Semantic Ranker: scope or capability related to semantic ranker. RAG: scope or capability related to rag. Vector Search: scope or capability related to vector search.,Reese Lewis
Finance Tools,MLOps,Deprecated,MongoDB Atlas,4.9.9,Enable logging and tag resources for cost allocation.,Requires private endpoint and managed identity configuration.,Microsoft,Internal Only,EA5273545,"MongoDB Atlas is used to deliver scalable, reliable capabilities for enterprise workloads. It integrates with identity, networking, and observability services for end‑to‑end governance. Standard deployment patterns include IaC templates, private networking, and workload identities. Security hardening follows CIS benchmarks and zero‑trust principles where applicable. Operational guidance includes backup, monitoring, alerting, and cost optimization practices.","Backup, PII, Semantic Ranker, Networking, AI Experience Platform",Backup: scope or capability related to backup. PII: scope or capability related to pii. Semantic Ranker: scope or capability related to semantic ranker. Networking: scope or capability related to networking. AI Experience Platform: scope or capability related to ai experience platform.,Jamie Garcia
Finance Tools,Feature Store,Deprecated,New Relic,2.7.7,Hybrid retrieval and strict filtering supported.,Approved as a standard for enterprise use.,Google,Reference Standard,EA3634957,"New Relic is used to deliver scalable, reliable capabilities for enterprise workloads. It integrates with identity, networking, and observability services for end‑to‑end governance. Standard deployment patterns include IaC templates, private networking, and workload identities. Security hardening follows CIS benchmarks and zero‑trust principles where applicable. Operational guidance includes backup, monitoring, alerting, and cost optimization practices.","Observability, Edge, Networking, RAG, LLM Orchestration",Observability: scope or capability related to observability. Edge: scope or capability related to edge. Networking: scope or capability related to networking. RAG: scope or capability related to rag. LLM Orchestration: scope or capability related to llm orchestration.,Shawn Wilson
Networking,Data Lake,Provisional Standard,Cosmos DB,1.3.5,Provisional until further risk assessment is complete.,Vendor support SLA reviewed by procurement.,Atlassian,Product Standard,EA3749894,"Cosmos DB is used to deliver scalable, reliable capabilities for enterprise workloads. It integrates with identity, networking, and observability services for end‑to‑end governance. Standard deployment patterns include IaC templates, private networking, and workload identities. Security hardening follows CIS benchmarks and zero‑trust principles where applicable. Operational guidance includes backup, monitoring, alerting, and cost optimization practices.","CI/CD, Data Engineering, BM25",CI/CD: scope or capability related to ci/cd. Data Engineering: scope or capability related to data engineering. BM25: scope or capability related to bm25.,Sam Brown
Platforms,Data Lake,TEB Approved,Kubernetes,2.4.0,Approved as a standard for enterprise use.,Vendor support SLA reviewed by procurement.,Snowflake,Product Standard,EA7109477,"Kubernetes is used to deliver scalable, reliable capabilities for enterprise workloads. It integrates with identity, networking, and observability services for end‑to‑end governance. Standard deployment patterns include IaC templates, private networking, and workload identities. Security hardening follows CIS benchmarks and zero‑trust principles where applicable. Operational guidance includes backup, monitoring, alerting, and cost optimization practices.","RAG, Analytics, Contact Center, Semantic Ranker, DevOps, Agent Assist",RAG: scope or capability related to rag. Analytics: scope or capability related to analytics. Contact Center: scope or capability related to contact center. Semantic Ranker: scope or capability related to semantic ranker. DevOps: scope or capability related to devops. Agent Assist: scope or capability related to agent assist.,Reese Patel
Databases,Secrets Mgmt,TEB Approved,GCS,1.2.2,Document architecture in the catalog and link runbooks.,Pilot completed with positive feedback from stakeholders.,Google,Product Standard,EA1869993,"GCS is used to deliver scalable, reliable capabilities for enterprise workloads. It integrates with identity, networking, and observability services for end‑to‑end governance. Standard deployment patterns include IaC templates, private networking, and workload identities. Security hardening follows CIS benchmarks and zero‑trust principles where applicable. Operational guidance includes backup, monitoring, alerting, and cost optimization practices.","Automation, CI/CD, BM25, Cloud Communications, Observability, Cache",Automation: scope or capability related to automation. CI/CD: scope or capability related to ci/cd. BM25: scope or capability related to bm25. Cloud Communications: scope or capability related to cloud communications. Observability: scope or capability related to observability. Cache: scope or capability related to cache.,Cameron Anderson
Collaboration,SaaS Integration,TEB Approved,Azure DevOps,2.3.4,Provisional until further risk assessment is complete.,Deprecated for new deployments; maintain only.,Cisco,Product Standard,EA8120679,"Azure DevOps is used to deliver scalable, reliable capabilities for enterprise workloads. It integrates with identity, networking, and observability services for end‑to‑end governance. Standard deployment patterns include IaC templates, private networking, and workload identities. Security hardening follows CIS benchmarks and zero‑trust principles where applicable. Operational guidance includes backup, monitoring, alerting, and cost optimization practices.","BM25, Contact Center, Vector Search, CI/CD, PII, Edge",BM25: scope or capability related to bm25. Contact Center: scope or capability related to contact center. Vector Search: scope or capability related to vector search. CI/CD: scope or capability related to ci/cd. PII: scope or capability related to pii. Edge: scope or capability related to edge.,Shawn Harris
Analytics,Routing,TEB Not Approved,Redis Enterprise,3.9.3,Enable logging and tag resources for cost allocation.,Provisional until further risk assessment is complete.,NVIDIA,Product Standard,EA2421024,"Redis Enterprise is used to deliver scalable, reliable capabilities for enterprise workloads. It integrates with identity, networking, and observability services for end‑to‑end governance. Standard deployment patterns include IaC templates, private networking, and workload identities. Security hardening follows CIS benchmarks and zero‑trust principles where applicable. Operational guidance includes backup, monitoring, alerting, and cost optimization practices.","Automation, Agent Assist, PII, BM25, Cost Management",Automation: scope or capability related to automation. Agent Assist: scope or capability related to agent assist. PII: scope or capability related to pii. BM25: scope or capability related to bm25. Cost Management: scope or capability related to cost management.,Casey Martinez
DevOps,Secrets Mgmt,Deprecated,Kafka,1.6.5,Document architecture in the catalog and link runbooks.,Pilot completed with positive feedback from stakeholders.,Microsoft,Provisional Standard,EA3990490,"Kafka is used to deliver scalable, reliable capabilities for enterprise workloads. It integrates with identity, networking, and observability services for end‑to‑end governance. Standard deployment patterns include IaC templates, private networking, and workload identities. Security hardening follows CIS benchmarks and zero‑trust principles where applicable. Operational guidance includes backup, monitoring, alerting, and cost optimization practices.","DevOps, Serverless, Disaster Recovery, Automation",DevOps: scope or capability related to devops. Serverless: scope or capability related to serverless. Disaster Recovery: scope or capability related to disaster recovery. Automation: scope or capability related to automation.,Robin Williams
Platforms,Edge CDN,Deprecated,Dataflow,4.1.7,Requires private endpoint and managed identity configuration.,Enable logging and tag resources for cost allocation.,HashiCorp,Reference Standard,EA1256746,"Dataflow is used to deliver scalable, reliable capabilities for enterprise workloads. It integrates with identity, networking, and observability services for end‑to‑end governance. Standard deployment patterns include IaC templates, private networking, and workload identities. Security hardening follows CIS benchmarks and zero‑trust principles where applicable. Operational guidance includes backup, monitoring, alerting, and cost optimization practices.","Automation, Customer Experience, RAG",Automation: scope or capability related to automation. Customer Experience: scope or capability related to customer experience. RAG: scope or capability related to rag.,Casey Brown
Finance Tools,ETL/ELT,Under Review,Bedrock,1.8.7,Enable logging and tag resources for cost allocation.,Approved as a standard for enterprise use.,Zoom,Legacy,EA5977034,"Bedrock is used to deliver scalable, reliable capabilities for enterprise workloads. It integrates with identity, networking, and observability services for end‑to‑end governance. Standard deployment patterns include IaC templates, private networking, and workload identities. Security hardening follows CIS benchmarks and zero‑trust principles where applicable. Operational guidance includes backup, monitoring, alerting, and cost optimization practices.","BM25, Automation, PII, DevOps",BM25: scope or capability related to bm25. Automation: scope or capability related to automation. PII: scope or capability related to pii. DevOps: scope or capability related to devops.,Jordan Nguyen
Identity & Access Mgmt,SaaS Integration,TEB Not Approved,Kubernetes,2.4.8,Approved as a standard for enterprise use.,Vendor support SLA reviewed by procurement.,Elastic,Provisional Standard,EA3171274,"Kubernetes is used to deliver scalable, reliable capabilities for enterprise workloads. It integrates with identity, networking, and observability services for end‑to‑end governance. Standard deployment patterns include IaC templates, private networking, and workload identities. Security hardening follows CIS benchmarks and zero‑trust principles where applicable. Operational guidance includes backup, monitoring, alerting, and cost optimization practices.","Observability, CI/CD, DevOps, Vector Search, Automation",Observability: scope or capability related to observability. CI/CD: scope or capability related to ci/cd. DevOps: scope or capability related to devops. Vector Search: scope or capability related to vector search. Automation: scope or capability related to automation.,Jamie Kim
Databases,API Gateway,Under Review,Dynatrace,2.1.4,Enable logging and tag resources for cost allocation.,Requires private endpoint and managed identity configuration.,MongoDB,Reference Standard,EA0449972,"Dynatrace is used to deliver scalable, reliable capabilities for enterprise workloads. It integrates with identity, networking, and observability services for end‑to‑end governance. Standard deployment patterns include IaC templates, private networking, and workload identities. Security hardening follows CIS benchmarks and zero‑trust principles where applicable. Operational guidance includes backup, monitoring, alerting, and cost optimization practices.","Networking, DevOps, LLM Orchestration, RAG, CI/CD, PII",Networking: scope or capability related to networking. DevOps: scope or capability related to devops. LLM Orchestration: scope or capability related to llm orchestration. RAG: scope or capability related to rag. CI/CD: scope or capability related to ci/cd. PII: scope or capability related to pii.,Riley Wilson
Storage,API Gateway,TEB Not Approved,GCS,4.3.6,Approved as a standard for enterprise use.,Requires private endpoint and managed identity configuration.,OpenAI,Internal Only,EA6270289,"GCS is used to deliver scalable, reliable capabilities for enterprise workloads. It integrates with identity, networking, and observability services for end‑to‑end governance. Standard deployment patterns include IaC templates, private networking, and workload identities. Security hardening follows CIS benchmarks and zero‑trust principles where applicable. Operational guidance includes backup, monitoring, alerting, and cost optimization practices.","Agent Assist, Automation, Serverless, AI Experience Platform, Edge",Agent Assist: scope or capability related to agent assist. Automation: scope or capability related to automation. Serverless: scope or capability related to serverless. AI Experience Platform: scope or capability related to ai experience platform. Edge: scope or capability related to edge.,Taylor Davis
Content Services,Key Management,TEB Approved,Azure Monitor,3.5.9,Enable logging and tag resources for cost allocation.,Provisional until further risk assessment is complete.,HashiCorp,Legacy,EA6578091,"Azure Monitor is used to deliver scalable, reliable capabilities for enterprise workloads. It integrates with identity, networking, and observability services for end‑to‑end governance. Standard deployment patterns include IaC templates, private networking, and workload identities. Security hardening follows CIS benchmarks and zero‑trust principles where applicable. Operational guidance includes backup, monitoring, alerting, and cost optimization practices.","Disaster Recovery, Compliance, BM25, Vector Search",Disaster Recovery: scope or capability related to disaster recovery. Compliance: scope or capability related to compliance. BM25: scope or capability related to bm25. Vector Search: scope or capability related to vector search.,Shawn Patel
Databases,Observability,TEB Approved,Prometheus,2.4.0,Approved as a standard for enterprise use.,Requires private endpoint and managed identity configuration.,Amazon,Reference Standard,EA5562386,"Prometheus is used to deliver scalable, reliable capabilities for enterprise workloads. It integrates with identity, networking, and observability services for end‑to‑end governance. Standard deployment patterns include IaC templates, private networking, and workload identities. Security hardening follows CIS benchmarks and zero‑trust principles where applicable. Operational guidance includes backup, monitoring, alerting, and cost optimization practices.","Analytics, Customer Experience, Backup, Cost Management",Analytics: scope or capability related to analytics. Customer Experience: scope or capability related to customer experience. Backup: scope or capability related to backup. Cost Management: scope or capability related to cost management.,Cameron Thomas
Security,Secrets Mgmt,Under Review,Kong Gateway,2.7.4,Hybrid retrieval and strict filtering supported.,Pilot completed with positive feedback from stakeholders.,Microsoft,Internal Only,EA4821759,"Kong Gateway is used to deliver scalable, reliable capabilities for enterprise workloads. It integrates with identity, networking, and observability services for end‑to‑end governance. Standard deployment patterns include IaC templates, private networking, and workload identities. Security hardening follows CIS benchmarks and zero‑trust principles where applicable. Operational guidance includes backup, monitoring, alerting, and cost optimization practices.","Disaster Recovery, Observability, PII, Semantic Ranker, Automation",Disaster Recovery: scope or capability related to disaster recovery. Observability: scope or capability related to observability. PII: scope or capability related to pii. Semantic Ranker: scope or capability related to semantic ranker. Automation: scope or capability related to automation.,Reese Williams
Security,ETL/ELT,Deprecated,Event Hubs,2.6.9,Requires private endpoint and managed identity configuration.,Document architecture in the catalog and link runbooks.,Snowflake,Reference Standard,EA0640909,"Event Hubs is used to deliver scalable, reliable capabilities for enterprise workloads. It integrates with identity, networking, and observability services for end‑to‑end governance. Standard deployment patterns include IaC templates, private networking, and workload identities. Security hardening follows CIS benchmarks and zero‑trust principles where applicable. Operational guidance includes backup, monitoring, alerting, and cost optimization practices.","CI/CD, BM25, Cache, Vector Search, Backup, LLM Orchestration",CI/CD: scope or capability related to ci/cd. BM25: scope or capability related to bm25. Cache: scope or capability related to cache. Vector Search: scope or capability related to vector search. Backup: scope or capability related to backup. LLM Orchestration: scope or capability related to llm orchestration.,Sam Thomas
Security,SaaS Integration,Provisional Standard,EKS,2.1.0,Pilot completed with positive feedback from stakeholders.,Hybrid retrieval and strict filtering supported.,Amazon,Legacy,EA5214562,"EKS is used to deliver scalable, reliable capabilities for enterprise workloads. It integrates with identity, networking, and observability services for end‑to‑end governance. Standard deployment patterns include IaC templates, private networking, and workload identities. Security hardening follows CIS benchmarks and zero‑trust principles where applicable. Operational guidance includes backup, monitoring, alerting, and cost optimization practices.","UC Platform, Microservices, Networking, LLM Orchestration",UC Platform: scope or capability related to uc platform. Microservices: scope or capability related to microservices. Networking: scope or capability related to networking. LLM Orchestration: scope or capability related to llm orchestration.,Jamie Martinez
Networking,Endpoint Security,Provisional Standard,NVIDIA Triton,4.4.5,Provisional until further risk assessment is complete.,Hybrid retrieval and strict filtering supported.,Google,Product Standard,EA3685160,"NVIDIA Triton is used to deliver scalable, reliable capabilities for enterprise workloads. It integrates with identity, networking, and observability services for end‑to‑end governance. Standard deployment patterns include IaC templates, private networking, and workload identities. Security hardening follows CIS benchmarks and zero‑trust principles where applicable. Operational guidance includes backup, monitoring, alerting, and cost optimization practices.","Networking, Agent Assist, Automation, LLM Orchestration, Compliance",Networking: scope or capability related to networking. Agent Assist: scope or capability related to agent assist. Automation: scope or capability related to automation. LLM Orchestration: scope or capability related to llm orchestration. Compliance: scope or capability related to compliance.,Shawn Thomas
Networking,Edge CDN,Deprecated,Bedrock,3.1.3,Hybrid retrieval and strict filtering supported.,Approved as a standard for enterprise use.,ServiceNow,Legacy,EA5931746,"Bedrock is used to deliver scalable, reliable capabilities for enterprise workloads. It integrates with identity, networking, and observability services for end‑to‑end governance. Standard deployment patterns include IaC templates, private networking, and workload identities. Security hardening follows CIS benchmarks and zero‑trust principles where applicable. Operational guidance includes backup, monitoring, alerting, and cost optimization practices.","UC Platform, Contact Center, BM25",UC Platform: scope or capability related to uc platform. Contact Center: scope or capability related to contact center. BM25: scope or capability related to bm25.,Morgan Patel
Finance Tools,Feature Store,Under Review,Istio,4.7.5,Vendor support SLA reviewed by procurement.,Enable logging and tag resources for cost allocation.,Adobe,Product Standard,EA6179640,"Istio is used to deliver scalable, reliable capabilities for enterprise workloads. It integrates with identity, networking, and observability services for end‑to‑end governance. Standard deployment patterns include IaC templates, private networking, and workload identities. Security hardening follows CIS benchmarks and zero‑trust principles where applicable. Operational guidance includes backup, monitoring, alerting, and cost optimization practices.","Data Engineering, Automation, Vector Search, LLM Orchestration, Agent Assist",Data Engineering: scope or capability related to data engineering. Automation: scope or capability related to automation. Vector Search: scope or capability related to vector search. LLM Orchestration: scope or capability related to llm orchestration. Agent Assist: scope or capability related to agent assist.,Avery Brown
DevOps,Object Storage,TEB Approved,GuardDuty,3.3.1,Hybrid retrieval and strict filtering supported.,Provisional until further risk assessment is complete.,Zoom,Legacy,EA0053293,"GuardDuty is used to deliver scalable, reliable capabilities for enterprise workloads. It integrates with identity, networking, and observability services for end‑to‑end governance. Standard deployment patterns include IaC templates, private networking, and workload identities. Security hardening follows CIS benchmarks and zero‑trust principles where applicable. Operational guidance includes backup, monitoring, alerting, and cost optimization practices.","CI/CD, Cache, Networking",CI/CD: scope or capability related to ci/cd. Cache: scope or capability related to cache. Networking: scope or capability related to networking.,Sam Anderson
Security,Feature Store,Provisional Standard,Jenkins,2.9.0,Pilot completed with positive feedback from stakeholders.,Deprecated for new deployments; maintain only.,IBM,Legacy,EA4210205,"Jenkins is used to deliver scalable, reliable capabilities for enterprise workloads. It integrates with identity, networking, and observability services for end‑to‑end governance. Standard deployment patterns include IaC templates, private networking, and workload identities. Security hardening follows CIS benchmarks and zero‑trust principles where applicable. Operational guidance includes backup, monitoring, alerting, and cost optimization practices.","Cloud Communications, RAG, AI Experience Platform, Analytics",Cloud Communications: scope or capability related to cloud communications. RAG: scope or capability related to rag. AI Experience Platform: scope or capability related to ai experience platform. Analytics: scope or capability related to analytics.,Casey Nguyen
Platforms,Queueing,Under Review,API Management,1.7.7,Requires private endpoint and managed identity configuration.,Vendor support SLA reviewed by procurement.,Adobe,Provisional Standard,EA7839084,"API Management is used to deliver scalable, reliable capabilities for enterprise workloads. It integrates with identity, networking, and observability services for end‑to‑end governance. Standard deployment patterns include IaC templates, private networking, and workload identities. Security hardening follows CIS benchmarks and zero‑trust principles where applicable. Operational guidance includes backup, monitoring, alerting, and cost optimization practices.","Disaster Recovery, AI Experience Platform, Contact Center, DevOps, Cost Management, Observability",Disaster Recovery: scope or capability related to disaster recovery. AI Experience Platform: scope or capability related to ai experience platform. Contact Center: scope or capability related to contact center. DevOps: scope or capability related to devops. Cost Management: scope or capability related to cost management. Observability: scope or capability related to observability.,Avery Patel
Analytics,Pub/Sub,TEB Approved,Cohere Embed,1.5.9,Deprecated for new deployments; maintain only.,Provisional until further risk assessment is complete.,IBM,Reference Standard,EA9985698,"Cohere Embed is used to deliver scalable, reliable capabilities for enterprise workloads. It integrates with identity, networking, and observability services for end‑to‑end governance. Standard deployment patterns include IaC templates, private networking, and workload identities. Security hardening follows CIS benchmarks and zero‑trust principles where applicable. Operational guidance includes backup, monitoring, alerting, and cost optimization practices.","Automation, Serverless, Backup, Observability, Agent Assist",Automation: scope or capability related to automation. Serverless: scope or capability related to serverless. Backup: scope or capability related to backup. Observability: scope or capability related to observability. Agent Assist: scope or capability related to agent assist.,Kendall Jackson
Finance Tools,Backup & DR,TEB Not Approved,Grafana,4.3.6,Requires private endpoint and managed identity configuration.,Hybrid retrieval and strict filtering supported.,Redis Labs,Internal Only,EA1565452,"Grafana is used to deliver scalable, reliable capabilities for enterprise workloads. It integrates with identity, networking, and observability services for end‑to‑end governance. Standard deployment patterns include IaC templates, private networking, and workload identities. Security hardening follows CIS benchmarks and zero‑trust principles where applicable. Operational guidance includes backup, monitoring, alerting, and cost optimization practices.","Customer Experience, CI/CD, Microservices, Cache, Observability, Agent Assist",Customer Experience: scope or capability related to customer experience. CI/CD: scope or capability related to ci/cd. Microservices: scope or capability related to microservices. Cache: scope or capability related to cache. Observability: scope or capability related to observability. Agent Assist: scope or capability related to agent assist.,Shawn Jackson
Storage,Key Management,Under Review,Service Bus,3.1.6,Requires private endpoint and managed identity configuration.,Enable logging and tag resources for cost allocation.,Amazon,Reference Standard,EA9451983,"Service Bus is used to deliver scalable, reliable capabilities for enterprise workloads. It integrates with identity, networking, and observability services for end‑to‑end governance. Standard deployment patterns include IaC templates, private networking, and workload identities. Security hardening follows CIS benchmarks and zero‑trust principles where applicable. Operational guidance includes backup, monitoring, alerting, and cost optimization practices.","Compliance, DevOps, Vector Search, Agent Assist",Compliance: scope or capability related to compliance. DevOps: scope or capability related to devops. Vector Search: scope or capability related to vector search. Agent Assist: scope or capability related to agent assist.,Drew Harris
DevOps,Object Storage,TEB Approved,Azure DevOps,3.9.3,Enable logging and tag resources for cost allocation.,Vendor support SLA reviewed by procurement.,ServiceNow,Legacy,EA8094024,"Azure DevOps is used to deliver scalable, reliable capabilities for enterprise workloads. It integrates with identity, networking, and observability services for end‑to‑end governance. Standard deployment patterns include IaC templates, private networking, and workload identities. Security hardening follows CIS benchmarks and zero‑trust principles where applicable. Operational guidance includes backup, monitoring, alerting, and cost optimization practices.","RAG, LLM Orchestration, AI Experience Platform, Analytics, UC Platform",RAG: scope or capability related to rag. LLM Orchestration: scope or capability related to llm orchestration. AI Experience Platform: scope or capability related to ai experience platform. Analytics: scope or capability related to analytics. UC Platform: scope or capability related to uc platform.,Cameron Thomas
Databases,Routing,TEB Not Approved,GitHub Actions,1.1.8,Meets security baselines and compliance requirements.,Enable logging and tag resources for cost allocation.,Elastic,Internal Only,EA5254599,"GitHub Actions is used to deliver scalable, reliable capabilities for enterprise workloads. It integrates with identity, networking, and observability services for end‑to‑end governance. Standard deployment patterns include IaC templates, private networking, and workload identities. Security hardening follows CIS benchmarks and zero‑trust principles where applicable. Operational guidance includes backup, monitoring, alerting, and cost optimization practices.","Contact Center, UC Platform, Analytics",Contact Center: scope or capability related to contact center. UC Platform: scope or capability related to uc platform. Analytics: scope or capability related to analytics.,Kendall Anderson
Collaboration,Routing,Provisional Standard,Prometheus,4.7.9,Hybrid retrieval and strict filtering supported.,Enable logging and tag resources for cost allocation.,Databricks,Product Standard,EA8156149,"Prometheus is used to deliver scalable, reliable capabilities for enterprise workloads. It integrates with identity, networking, and observability services for end‑to‑end governance. Standard deployment patterns include IaC templates, private networking, and workload identities. Security hardening follows CIS benchmarks and zero‑trust principles where applicable. Operational guidance includes backup, monitoring, alerting, and cost optimization practices.","Serverless, Compliance, BM25, Contact Center, Vector Search, Cost Management",Serverless: scope or capability related to serverless. Compliance: scope or capability related to compliance. BM25: scope or capability related to bm25. Contact Center: scope or capability related to contact center. Vector Search: scope or capability related to vector search. Cost Management: scope or capability related to cost management.,Cameron Nguyen
Collaboration,API Gateway,Provisional Standard,Redshift,2.4.4,Requires private endpoint and managed identity configuration.,Provisional until further risk assessment is complete.,Microsoft,Internal Only,EA6226838,"Redshift is used to deliver scalable, reliable capabilities for enterprise workloads. It integrates with identity, networking, and observability services for end‑to‑end governance. Standard deployment patterns include IaC templates, private networking, and workload identities. Security hardening follows CIS benchmarks and zero‑trust principles where applicable. Operational guidance includes backup, monitoring, alerting, and cost optimization practices.","Customer Experience, Cost Management, Edge, Contact Center, Observability",Customer Experience: scope or capability related to customer experience. Cost Management: scope or capability related to cost management. Edge: scope or capability related to edge. Contact Center: scope or capability related to contact center. Observability: scope or capability related to observability.,Alex Wilson
Finance Tools,Data Warehouse,Under Review,Grafana,4.6.4,Provisional until further risk assessment is complete.,Enable logging and tag resources for cost allocation.,Microsoft,Reference Standard,EA2975161,"Grafana is used to deliver scalable, reliable capabilities for enterprise workloads. It integrates with identity, networking, and observability services for end‑to‑end governance. Standard deployment patterns include IaC templates, private networking, and workload identities. Security hardening follows CIS benchmarks and zero‑trust principles where applicable. Operational guidance includes backup, monitoring, alerting, and cost optimization practices.","Observability, Cloud Communications, Cost Management, Serverless",Observability: scope or capability related to observability. Cloud Communications: scope or capability related to cloud communications. Cost Management: scope or capability related to cost management. Serverless: scope or capability related to serverless.,Jordan Davis
Content Services,Data Lake,Provisional Standard,Cosmos DB,3.2.1,Vendor support SLA reviewed by procurement.,Provisional until further risk assessment is complete.,MongoDB,Legacy,EA3552312,"Cosmos DB is used to deliver scalable, reliable capabilities for enterprise workloads. It integrates with identity, networking, and observability services for end‑to‑end governance. Standard deployment patterns include IaC templates, private networking, and workload identities. Security hardening follows CIS benchmarks and zero‑trust principles where applicable. Operational guidance includes backup, monitoring, alerting, and cost optimization practices.","Data Engineering, Analytics, Backup, UC Platform, Cache",Data Engineering: scope or capability related to data engineering. Analytics: scope or capability related to analytics. Backup: scope or capability related to backup. UC Platform: scope or capability related to uc platform. Cache: scope or capability related to cache.,Kendall Thomas
Finance Tools,Endpoint Security,Deprecated,CloudWatch,4.9.9,Requires private endpoint and managed identity configuration.,Requires private endpoint and managed identity configuration.,IBM,Internal Only,EA1774490,"CloudWatch is used to deliver scalable, reliable capabilities for enterprise workloads. It integrates with identity, networking, and observability services for end‑to‑end governance. Standard deployment patterns include IaC templates, private networking, and workload identities. Security hardening follows CIS benchmarks and zero‑trust principles where applicable. Operational guidance includes backup, monitoring, alerting, and cost optimization practices.","Serverless, Customer Experience, BM25, Automation, Contact Center",Serverless: scope or capability related to serverless. Customer Experience: scope or capability related to customer experience. BM25: scope or capability related to bm25. Automation: scope or capability related to automation. Contact Center: scope or capability related to contact center.,Alex Brown
Content Services,Data Lake,TEB Approved,Airflow,1.9.9,Vendor support SLA reviewed by procurement.,Enable logging and tag resources for cost allocation.,VMware,Legacy,EA8079359,"Airflow is used to deliver scalable, reliable capabilities for enterprise workloads. It integrates with identity, networking, and observability services for end‑to‑end governance. Standard deployment patterns include IaC templates, private networking, and workload identities. Security hardening follows CIS benchmarks and zero‑trust principles where applicable. Operational guidance includes backup, monitoring, alerting, and cost optimization practices.","Serverless, UC Platform, Contact Center, Automation, Agent Assist, RAG",Serverless: scope or capability related to serverless. UC Platform: scope or capability related to uc platform. Contact Center: scope or capability related to contact center. Automation: scope or capability related to automation. Agent Assist: scope or capability related to agent assist. RAG: scope or capability related to rag.,Shawn Patel
DevOps,Endpoint Security,TEB Approved,MongoDB Atlas,4.7.8,Vendor support SLA reviewed by procurement.,Document architecture in the catalog and link runbooks.,Atlassian,Reference Standard,EA5466590,"MongoDB Atlas is used to deliver scalable, reliable capabilities for enterprise workloads. It integrates with identity, networking, and observability services for end‑to‑end governance. Standard deployment patterns include IaC templates, private networking, and workload identities. Security hardening follows CIS benchmarks and zero‑trust principles where applicable. Operational guidance includes backup, monitoring, alerting, and cost optimization practices.","Customer Experience, RAG, Agent Assist, Networking, Compliance",Customer Experience: scope or capability related to customer experience. RAG: scope or capability related to rag. Agent Assist: scope or capability related to agent assist. Networking: scope or capability related to networking. Compliance: scope or capability related to compliance.,Riley Williams
Networking,SaaS Integration,TEB Not Approved,CloudFront,1.9.2,Requires private endpoint and managed identity configuration.,Pilot completed with positive feedback from stakeholders.,Redis Labs,Product Standard,EA9148652,"CloudFront is used to deliver scalable, reliable capabilities for enterprise workloads. It integrates with identity, networking, and observability services for end‑to‑end governance. Standard deployment patterns include IaC templates, private networking, and workload identities. Security hardening follows CIS benchmarks and zero‑trust principles where applicable. Operational guidance includes backup, monitoring, alerting, and cost optimization practices.","Disaster Recovery, Compliance, Observability",Disaster Recovery: scope or capability related to disaster recovery. Compliance: scope or capability related to compliance. Observability: scope or capability related to observability.,Jamie Brown
Collaboration,Object Storage,Provisional Standard,Snowflake Core,2.5.7,Meets security baselines and compliance requirements.,Meets security baselines and compliance requirements.,IBM,Product Standard,EA1418880,"Snowflake Core is used to deliver scalable, reliable capabilities for enterprise workloads. It integrates with identity, networking, and observability services for end‑to‑end governance. Standard deployment patterns include IaC templates, private networking, and workload identities. Security hardening follows CIS benchmarks and zero‑trust principles where applicable. Operational guidance includes backup, monitoring, alerting, and cost optimization practices.","Cache, Backup, UC Platform, Cost Management, Analytics",Cache: scope or capability related to cache. Backup: scope or capability related to backup. UC Platform: scope or capability related to uc platform. Cost Management: scope or capability related to cost management. Analytics: scope or capability related to analytics.,Taylor Harris
AI/ML,SaaS Integration,TEB Not Approved,Docker,4.0.6,Requires private endpoint and managed identity configuration.,Meets security baselines and compliance requirements.,VMware,Legacy,EA4738347,"Docker is used to deliver scalable, reliable capabilities for enterprise workloads. It integrates with identity, networking, and observability services for end‑to‑end governance. Standard deployment patterns include IaC templates, private networking, and workload identities. Security hardening follows CIS benchmarks and zero‑trust principles where applicable. Operational guidance includes backup, monitoring, alerting, and cost optimization practices.","LLM Orchestration, Compliance, Cloud Communications, Automation",LLM Orchestration: scope or capability related to llm orchestration. Compliance: scope or capability related to compliance. Cloud Communications: scope or capability related to cloud communications. Automation: scope or capability related to automation.,Morgan White
Networking,ETL/ELT,Under Review,Elastic Observability,4.2.3,Document architecture in the catalog and link runbooks.,Deprecated for new deployments; maintain only.,Databricks,Provisional Standard,EA7581814,"Elastic Observability is used to deliver scalable, reliable capabilities for enterprise workloads. It integrates with identity, networking, and observability services for end‑to‑end governance. Standard deployment patterns include IaC templates, private networking, and workload identities. Security hardening follows CIS benchmarks and zero‑trust principles where applicable. Operational guidance includes backup, monitoring, alerting, and cost optimization practices.","Cache, Analytics, Semantic Ranker",Cache: scope or capability related to cache. Analytics: scope or capability related to analytics. Semantic Ranker: scope or capability related to semantic ranker.,Morgan Lewis
DevOps,Key Management,Deprecated,Kafka,2.7.5,Approved as a standard for enterprise use.,Enable logging and tag resources for cost allocation.,Amazon,Internal Only,EA8536153,"Kafka is used to deliver scalable, reliable capabilities for enterprise workloads. It integrates with identity, networking, and observability services for end‑to‑end governance. Standard deployment patterns include IaC templates, private networking, and workload identities. Security hardening follows CIS benchmarks and zero‑trust principles where applicable. Operational guidance includes backup, monitoring, alerting, and cost optimization practices.","RAG, Agent Assist, CI/CD",RAG: scope or capability related to rag. Agent Assist: scope or capability related to agent assist. CI/CD: scope or capability related to ci/cd.,Shawn Thomas
Storage,Key Management,TEB Not Approved,Slack,3.7.2,Hybrid retrieval and strict filtering supported.,Hybrid retrieval and strict filtering supported.,ServiceNow,Provisional Standard,EA1043289,"Slack is used to deliver scalable, reliable capabilities for enterprise workloads. It integrates with identity, networking, and observability services for end‑to‑end governance. Standard deployment patterns include IaC templates, private networking, and workload identities. Security hardening follows CIS benchmarks and zero‑trust principles where applicable. Operational guidance includes backup, monitoring, alerting, and cost optimization practices.","Agent Assist, Cache, BM25, Vector Search, Microservices, CI/CD",Agent Assist: scope or capability related to agent assist. Cache: scope or capability related to cache. BM25: scope or capability related to bm25. Vector Search: scope or capability related to vector search. Microservices: scope or capability related to microservices. CI/CD: scope or capability related to ci/cd.,Alex Garcia
Databases,SaaS Integration,Deprecated,Pub/Sub Lite,1.7.9,Vendor support SLA reviewed by procurement.,Approved as a standard for enterprise use.,MongoDB,Legacy,EA3246095,"Pub/Sub Lite is used to deliver scalable, reliable capabilities for enterprise workloads. It integrates with identity, networking, and observability services for end‑to‑end governance. Standard deployment patterns include IaC templates, private networking, and workload identities. Security hardening follows CIS benchmarks and zero‑trust principles where applicable. Operational guidance includes backup, monitoring, alerting, and cost optimization practices.","Cloud Communications, Observability, Analytics, Compliance",Cloud Communications: scope or capability related to cloud communications. Observability: scope or capability related to observability. Analytics: scope or capability related to analytics. Compliance: scope or capability related to compliance.,Avery Patel
DevOps,Object Storage,TEB Approved,Elastic Observability,1.6.7,Approved as a standard for enterprise use.,Enable logging and tag resources for cost allocation.,Confluent,Reference Standard,EA0515319,"Elastic Observability is used to deliver scalable, reliable capabilities for enterprise workloads. It integrates with identity, networking, and observability services for end‑to‑end governance. Standard deployment patterns include IaC templates, private networking, and workload identities. Security hardening follows CIS benchmarks and zero‑trust principles where applicable. Operational guidance includes backup, monitoring, alerting, and cost optimization practices.","UC Platform, Contact Center, LLM Orchestration, Networking, RAG",UC Platform: scope or capability related to uc platform. Contact Center: scope or capability related to contact center. LLM Orchestration: scope or capability related to llm orchestration. Networking: scope or capability related to networking. RAG: scope or capability related to rag.,Reese Thomas
Platforms,Pub/Sub,Deprecated,Dataflow,2.2.1,Hybrid retrieval and strict filtering supported.,Approved as a standard for enterprise use.,Snowflake,Product Standard,EA0305486,"Dataflow is used to deliver scalable, reliable capabilities for enterprise workloads. It integrates with identity, networking, and observability services for end‑to‑end governance. Standard deployment patterns include IaC templates, private networking, and workload identities. Security hardening follows CIS benchmarks and zero‑trust principles where applicable. Operational guidance includes backup, monitoring, alerting, and cost optimization practices.","Semantic Ranker, Contact Center, Cache, Disaster Recovery, Data Engineering, BM25",Semantic Ranker: scope or capability related to semantic ranker. Contact Center: scope or capability related to contact center. Cache: scope or capability related to cache. Disaster Recovery: scope or capability related to disaster recovery. Data Engineering: scope or capability related to data engineering. BM25: scope or capability related to bm25.,Drew Harris
Messaging,DNS and Addresses,Provisional Standard,MySQL Flexible,1.5.6,Enable logging and tag resources for cost allocation.,Hybrid retrieval and strict filtering supported.,Redis Labs,Reference Standard,EA2775841,"MySQL Flexible is used to deliver scalable, reliable capabilities for enterprise workloads. It integrates with identity, networking, and observability services for end‑to‑end governance. Standard deployment patterns include IaC templates, private networking, and workload identities. Security hardening follows CIS benchmarks and zero‑trust principles where applicable. Operational guidance includes backup, monitoring, alerting, and cost optimization practices.","Customer Experience, Observability, Backup, Analytics, Networking, BM25",Customer Experience: scope or capability related to customer experience. Observability: scope or capability related to observability. Backup: scope or capability related to backup. Analytics: scope or capability related to analytics. Networking: scope or capability related to networking. BM25: scope or capability related to bm25.,Drew Patel
Finance Tools,Data Warehouse,Provisional Standard,Secrets Manager,4.9.6,Deprecated for new deployments; maintain only.,Hybrid retrieval and strict filtering supported.,Confluent,Internal Only,EA0596401,"Secrets Manager is used to deliver scalable, reliable capabilities for enterprise workloads. It integrates with identity, networking, and observability services for end‑to‑end governance. Standard deployment patterns include IaC templates, private networking, and workload identities. Security hardening follows CIS benchmarks and zero‑trust principles where applicable. Operational guidance includes backup, monitoring, alerting, and cost optimization practices.","LLM Orchestration, Serverless, Edge, Compliance, Analytics, AI Experience Platform",LLM Orchestration: scope or capability related to llm orchestration. Serverless: scope or capability related to serverless. Edge: scope or capability related to edge. Compliance: scope or capability related to compliance. Analytics: scope or capability related to analytics. AI Experience Platform: scope or capability related to ai experience platform.,Taylor Harris
Monitoring,Pub/Sub,TEB Approved,Istio,1.3.5,Requires private endpoint and managed identity configuration.,Enable logging and tag resources for cost allocation.,Adobe,Provisional Standard,EA9275571,"Istio is used to deliver scalable, reliable capabilities for enterprise workloads. It integrates with identity, networking, and observability services for end‑to‑end governance. Standard deployment patterns include IaC templates, private networking, and workload identities. Security hardening follows CIS benchmarks and zero‑trust principles where applicable. Operational guidance includes backup, monitoring, alerting, and cost optimization practices.","Serverless, LLM Orchestration, Cost Management, RAG",Serverless: scope or capability related to serverless. LLM Orchestration: scope or capability related to llm orchestration. Cost Management: scope or capability related to cost management. RAG: scope or capability related to rag.,Avery Williams
Security,Observability,TEB Approved,GitHub Actions,2.7.8,Enable logging and tag resources for cost allocation.,Vendor support SLA reviewed by procurement.,Oracle,Reference Standard,EA4739473,"GitHub Actions is used to deliver scalable, reliable capabilities for enterprise workloads. It integrates with identity, networking, and observability services for end‑to‑end governance. Standard deployment patterns include IaC templates, private networking, and workload identities. Security hardening follows CIS benchmarks and zero‑trust principles where applicable. Operational guidance includes backup, monitoring, alerting, and cost optimization practices.","UC Platform, Customer Experience, Automation",UC Platform: scope or capability related to uc platform. Customer Experience: scope or capability related to customer experience. Automation: scope or capability related to automation.,Taylor Lewis
AI/ML,Pub/Sub,TEB Approved,Vertex AI,3.5.1,Vendor support SLA reviewed by procurement.,Vendor support SLA reviewed by procurement.,Snowflake,Reference Standard,EA2258313,"Vertex AI is used to deliver scalable, reliable capabilities for enterprise workloads. It integrates with identity, networking, and observability services for end‑to‑end governance. Standard deployment patterns include IaC templates, private networking, and workload identities. Security hardening follows CIS benchmarks and zero‑trust principles where applicable. Operational guidance includes backup, monitoring, alerting, and cost optimization practices.","Vector Search, Microservices, DevOps, AI Experience Platform",Vector Search: scope or capability related to vector search. Microservices: scope or capability related to microservices. DevOps: scope or capability related to devops. AI Experience Platform: scope or capability related to ai experience platform.,Drew Martinez
Monitoring,Object Storage,Deprecated,Vertex AI,2.9.1,Provisional until further risk assessment is complete.,Pilot completed with positive feedback from stakeholders.,Redis Labs,Internal Only,EA8669125,"Vertex AI is used to deliver scalable, reliable capabilities for enterprise workloads. It integrates with identity, networking, and observability services for end‑to‑end governance. Standard deployment patterns include IaC templates, private networking, and workload identities. Security hardening follows CIS benchmarks and zero‑trust principles where applicable. Operational guidance includes backup, monitoring, alerting, and cost optimization practices.","Automation, Compliance, Serverless",Automation: scope or capability related to automation. Compliance: scope or capability related to compliance. Serverless: scope or capability related to serverless.,Drew Kim
Content Services,Backup & DR,Under Review,Snowflake Core,2.6.8,Approved as a standard for enterprise use.,Provisional until further risk assessment is complete.,MongoDB,Product Standard,EA4225358,"Snowflake Core is used to deliver scalable, reliable capabilities for enterprise workloads. It integrates with identity, networking, and observability services for end‑to‑end governance. Standard deployment patterns include IaC templates, private networking, and workload identities. Security hardening follows CIS benchmarks and zero‑trust principles where applicable. Operational guidance includes backup, monitoring, alerting, and cost optimization practices.","Customer Experience, Semantic Ranker, Data Engineering, Disaster Recovery, Networking",Customer Experience: scope or capability related to customer experience. Semantic Ranker: scope or capability related to semantic ranker. Data Engineering: scope or capability related to data engineering. Disaster Recovery: scope or capability related to disaster recovery. Networking: scope or capability related to networking.,Casey Kim
Identity & Access Mgmt,Data Lake,Under Review,S3,1.8.2,Document architecture in the catalog and link runbooks.,Document architecture in the catalog and link runbooks.,IBM,Product Standard,EA9959001,"S3 is used to deliver scalable, reliable capabilities for enterprise workloads. It integrates with identity, networking, and observability services for end‑to‑end governance. Standard deployment patterns include IaC templates, private networking, and workload identities. Security hardening follows CIS benchmarks and zero‑trust principles where applicable. Operational guidance includes backup, monitoring, alerting, and cost optimization practices.","Disaster Recovery, Cache, Cloud Communications",Disaster Recovery: scope or capability related to disaster recovery. Cache: scope or capability related to cache. Cloud Communications: scope or capability related to cloud communications.,Casey Thomas
Security,Edge CDN,Deprecated,Glue,1.7.8,Pilot completed with positive feedback from stakeholders.,Pilot completed with positive feedback from stakeholders.,OpenAI,Product Standard,EA6471027,"Glue is used to deliver scalable, reliable capabilities for enterprise workloads. It integrates with identity, networking, and observability services for end‑to‑end governance. Standard deployment patterns include IaC templates, private networking, and workload identities. Security hardening follows CIS benchmarks and zero‑trust principles where applicable. Operational guidance includes backup, monitoring, alerting, and cost optimization practices.","DevOps, Automation, Data Engineering, RAG, Backup, UC Platform",DevOps: scope or capability related to devops. Automation: scope or capability related to automation. Data Engineering: scope or capability related to data engineering. RAG: scope or capability related to rag. Backup: scope or capability related to backup. UC Platform: scope or capability related to uc platform.,Drew Harris
AI/ML,Data Warehouse,Provisional Standard,GuardDuty,2.5.8,Vendor support SLA reviewed by procurement.,Provisional until further risk assessment is complete.,HashiCorp,Product Standard,EA7147321,"GuardDuty is used to deliver scalable, reliable capabilities for enterprise workloads. It integrates with identity, networking, and observability services for end‑to‑end governance. Standard deployment patterns include IaC templates, private networking, and workload identities. Security hardening follows CIS benchmarks and zero‑trust principles where applicable. Operational guidance includes backup, monitoring, alerting, and cost optimization practices.","BM25, Cost Management, Backup",BM25: scope or capability related to bm25. Cost Management: scope or capability related to cost management. Backup: scope or capability related to backup.,Riley Garcia
Content Services,Endpoint Security,Provisional Standard,Redis Enterprise,3.3.2,Hybrid retrieval and strict filtering supported.,Vendor support SLA reviewed by procurement.,VMware,Internal Only,EA4701687,"Redis Enterprise is used to deliver scalable, reliable capabilities for enterprise workloads. It integrates with identity, networking, and observability services for end‑to‑end governance. Standard deployment patterns include IaC templates, private networking, and workload identities. Security hardening follows CIS benchmarks and zero‑trust principles where applicable. Operational guidance includes backup, monitoring, alerting, and cost optimization practices.","Data Engineering, Cloud Communications, LLM Orchestration, Contact Center",Data Engineering: scope or capability related to data engineering. Cloud Communications: scope or capability related to cloud communications. LLM Orchestration: scope or capability related to llm orchestration. Contact Center: scope or capability related to contact center.,Alex Williams
Analytics,SaaS Integration,Deprecated,Key Vault,1.1.6,Deprecated for new deployments; maintain only.,Pilot completed with positive feedback from stakeholders.,Confluent,Internal Only,EA5060983,"Key Vault is used to deliver scalable, reliable capabilities for enterprise workloads. It integrates with identity, networking, and observability services for end‑to‑end governance. Standard deployment patterns include IaC templates, private networking, and workload identities. Security hardening follows CIS benchmarks and zero‑trust principles where applicable. Operational guidance includes backup, monitoring, alerting, and cost optimization practices.","Networking, BM25, Customer Experience, Cost Management, Serverless",Networking: scope or capability related to networking. BM25: scope or capability related to bm25. Customer Experience: scope or capability related to customer experience. Cost Management: scope or capability related to cost management. Serverless: scope or capability related to serverless.,Morgan White
DevOps,MLOps,Under Review,EKS,1.2.1,Enable logging and tag resources for cost allocation.,Requires private endpoint and managed identity configuration.,HashiCorp,Legacy,EA5239868,"EKS is used to deliver scalable, reliable capabilities for enterprise workloads. It integrates with identity, networking, and observability services for end‑to‑end governance. Standard deployment patterns include IaC templates, private networking, and workload identities. Security hardening follows CIS benchmarks and zero‑trust principles where applicable. Operational guidance includes backup, monitoring, alerting, and cost optimization practices.","Contact Center, UC Platform, PII",Contact Center: scope or capability related to contact center. UC Platform: scope or capability related to uc platform. PII: scope or capability related to pii.,Drew White
Analytics,Patch Mgmt,Deprecated,Kong Gateway,2.5.9,Requires private endpoint and managed identity configuration.,Deprecated for new deployments; maintain only.,Redis Labs,Legacy,EA4958887,"Kong Gateway is used to deliver scalable, reliable capabilities for enterprise workloads. It integrates with identity, networking, and observability services for end‑to‑end governance. Standard deployment patterns include IaC templates, private networking, and workload identities. Security hardening follows CIS benchmarks and zero‑trust principles where applicable. Operational guidance includes backup, monitoring, alerting, and cost optimization practices.","DevOps, CI/CD, AI Experience Platform, LLM Orchestration, RAG",DevOps: scope or capability related to devops. CI/CD: scope or capability related to ci/cd. AI Experience Platform: scope or capability related to ai experience platform. LLM Orchestration: scope or capability related to llm orchestration. RAG: scope or capability related to rag.,Avery Patel
Databases,Edge CDN,Provisional Standard,Sagemaker,1.9.7,Pilot completed with positive feedback from stakeholders.,Document architecture in the catalog and link runbooks.,Adobe,Product Standard,EA0972896,"Sagemaker is used to deliver scalable, reliable capabilities for enterprise workloads. It integrates with identity, networking, and observability services for end‑to‑end governance. Standard deployment patterns include IaC templates, private networking, and workload identities. Security hardening follows CIS benchmarks and zero‑trust principles where applicable. Operational guidance includes backup, monitoring, alerting, and cost optimization practices.","CI/CD, Compliance, Vector Search, Contact Center",CI/CD: scope or capability related to ci/cd. Compliance: scope or capability related to compliance. Vector Search: scope or capability related to vector search. Contact Center: scope or capability related to contact center.,Cameron Jackson
Finance Tools,API Gateway,TEB Approved,Prometheus,3.6.2,Enable logging and tag resources for cost allocation.,Meets security baselines and compliance requirements.,Elastic,Legacy,EA9702838,"Prometheus is used to deliver scalable, reliable capabilities for enterprise workloads. It integrates with identity, networking, and observability services for end‑to‑end governance. Standard deployment patterns include IaC templates, private networking, and workload identities. Security hardening follows CIS benchmarks and zero‑trust principles where applicable. Operational guidance includes backup, monitoring, alerting, and cost optimization practices.","Compliance, DevOps, Serverless, Cost Management, RAG",Compliance: scope or capability related to compliance. DevOps: scope or capability related to devops. Serverless: scope or capability related to serverless. Cost Management: scope or capability related to cost management. RAG: scope or capability related to rag.,Taylor Wilson
DevOps,Data Warehouse,Under Review,Front Door,3.9.7,Meets security baselines and compliance requirements.,Meets security baselines and compliance requirements.,Databricks,Legacy,EA4344375,"Front Door is used to deliver scalable, reliable capabilities for enterprise workloads. It integrates with identity, networking, and observability services for end‑to‑end governance. Standard deployment patterns include IaC templates, private networking, and workload identities. Security hardening follows CIS benchmarks and zero‑trust principles where applicable. Operational guidance includes backup, monitoring, alerting, and cost optimization practices.","LLM Orchestration, Networking, Edge, Semantic Ranker, BM25, Agent Assist",LLM Orchestration: scope or capability related to llm orchestration. Networking: scope or capability related to networking. Edge: scope or capability related to edge. Semantic Ranker: scope or capability related to semantic ranker. BM25: scope or capability related to bm25. Agent Assist: scope or capability related to agent assist.,Cameron Thomas
DevOps,ETL/ELT,Deprecated,Bedrock,3.2.4,Approved as a standard for enterprise use.,Pilot completed with positive feedback from stakeholders.,Google,Reference Standard,EA7473384,"Bedrock is used to deliver scalable, reliable capabilities for enterprise workloads. It integrates with identity, networking, and observability services for end‑to‑end governance. Standard deployment patterns include IaC templates, private networking, and workload identities. Security hardening follows CIS benchmarks and zero‑trust principles where applicable. Operational guidance includes backup, monitoring, alerting, and cost optimization practices.","UC Platform, Agent Assist, Backup, Edge, Cloud Communications",UC Platform: scope or capability related to uc platform. Agent Assist: scope or capability related to agent assist. Backup: scope or capability related to backup. Edge: scope or capability related to edge. Cloud Communications: scope or capability related to cloud communications.,Sam Garcia
Collaboration,Patch Mgmt,TEB Not Approved,Dataflow,2.0.1,Enable logging and tag resources for cost allocation.,Requires private endpoint and managed identity configuration.,OpenAI,Provisional Standard,EA2082677,"Dataflow is used to deliver scalable, reliable capabilities for enterprise workloads. It integrates with identity, networking, and observability services for end‑to‑end governance. Standard deployment patterns include IaC templates, private networking, and workload identities. Security hardening follows CIS benchmarks and zero‑trust principles where applicable. Operational guidance includes backup, monitoring, alerting, and cost optimization practices.","Cache, BM25, RAG, Disaster Recovery",Cache: scope or capability related to cache. BM25: scope or capability related to bm25. RAG: scope or capability related to rag. Disaster Recovery: scope or capability related to disaster recovery.,Alex Lewis
Messaging,Routing,Under Review,Cosmos DB,1.2.6,Deprecated for new deployments; maintain only.,Approved as a standard for enterprise use.,Redis Labs,Internal Only,EA2400499,"Cosmos DB is used to deliver scalable, reliable capabilities for enterprise workloads. It integrates with identity, networking, and observability services for end‑to‑end governance. Standard deployment patterns include IaC templates, private networking, and workload identities. Security hardening follows CIS benchmarks and zero‑trust principles where applicable. Operational guidance includes backup, monitoring, alerting, and cost optimization practices.","RAG, BM25, Automation",RAG: scope or capability related to rag. BM25: scope or capability related to bm25. Automation: scope or capability related to automation.,Avery Martinez
DevOps,Secrets Mgmt,TEB Not Approved,Qdrant,4.4.3,Provisional until further risk assessment is complete.,Requires private endpoint and managed identity configuration.,Atlassian,Internal Only,EA4205493,"Qdrant is used to deliver scalable, reliable capabilities for enterprise workloads. It integrates with identity, networking, and observability services for end‑to‑end governance. Standard deployment patterns include IaC templates, private networking, and workload identities. Security hardening follows CIS benchmarks and zero‑trust principles where applicable. Operational guidance includes backup, monitoring, alerting, and cost optimization practices.","Backup, Disaster Recovery, Cost Management, CI/CD",Backup: scope or capability related to backup. Disaster Recovery: scope or capability related to disaster recovery. Cost Management: scope or capability related to cost management. CI/CD: scope or capability related to ci/cd.,Riley Martinez
Storage,Routing,Deprecated,AKS,1.2.2,Hybrid retrieval and strict filtering supported.,Requires private endpoint and managed identity configuration.,Cisco,Provisional Standard,EA4637454,"AKS is used to deliver scalable, reliable capabilities for enterprise workloads. It integrates with identity, networking, and observability services for end‑to‑end governance. Standard deployment patterns include IaC templates, private networking, and workload identities. Security hardening follows CIS benchmarks and zero‑trust principles where applicable. Operational guidance includes backup, monitoring, alerting, and cost optimization practices.","Semantic Ranker, Disaster Recovery, LLM Orchestration",Semantic Ranker: scope or capability related to semantic ranker. Disaster Recovery: scope or capability related to disaster recovery. LLM Orchestration: scope or capability related to llm orchestration.,Shawn Garcia
Collaboration,Observability,Deprecated,Secrets Manager,2.6.8,Pilot completed with positive feedback from stakeholders.,Provisional until further risk assessment is complete.,Snowflake,Reference Standard,EA9332727,"Secrets Manager is used to deliver scalable, reliable capabilities for enterprise workloads. It integrates with identity, networking, and observability services for end‑to‑end governance. Standard deployment patterns include IaC templates, private networking, and workload identities. Security hardening follows CIS benchmarks and zero‑trust principles where applicable. Operational guidance includes backup, monitoring, alerting, and cost optimization practices.","Observability, PII, Networking, DevOps, Cache",Observability: scope or capability related to observability. PII: scope or capability related to pii. Networking: scope or capability related to networking. DevOps: scope or capability related to devops. Cache: scope or capability related to cache.,Jamie White
Identity & Access Mgmt,API Gateway,TEB Not Approved,EKS,1.8.7,Vendor support SLA reviewed by procurement.,Requires private endpoint and managed identity configuration.,Google,Legacy,EA1088398,"EKS is used to deliver scalable, reliable capabilities for enterprise workloads. It integrates with identity, networking, and observability services for end‑to‑end governance. Standard deployment patterns include IaC templates, private networking, and workload identities. Security hardening follows CIS benchmarks and zero‑trust principles where applicable. Operational guidance includes backup, monitoring, alerting, and cost optimization practices.","Analytics, RAG, Serverless, Automation",Analytics: scope or capability related to analytics. RAG: scope or capability related to rag. Serverless: scope or capability related to serverless. Automation: scope or capability related to automation.,Jordan Thomas
Security,Edge CDN,Deprecated,Kafka,4.0.7,Deprecated for new deployments; maintain only.,Vendor support SLA reviewed by procurement.,Elastic,Internal Only,EA9087406,"Kafka is used to deliver scalable, reliable capabilities for enterprise workloads. It integrates with identity, networking, and observability services for end‑to‑end governance. Standard deployment patterns include IaC templates, private networking, and workload identities. Security hardening follows CIS benchmarks and zero‑trust principles where applicable. Operational guidance includes backup, monitoring, alerting, and cost optimization practices.","CI/CD, AI Experience Platform, Edge, Data Engineering, Cloud Communications",CI/CD: scope or capability related to ci/cd. AI Experience Platform: scope or capability related to ai experience platform. Edge: scope or capability related to edge. Data Engineering: scope or capability related to data engineering. Cloud Communications: scope or capability related to cloud communications.,Jordan Nguyen